{
    "initial_bankroll": 1000.0,
    "final_bankroll": 648065.1536450884,
    "total_profit": 647065.1536450884,
    "total_wagered": 1605618.7831889836,
    "total_bets": 1000,
    "win_rate": 51.7,
    "roi": 40.30004882976807
}